{
    "IsEncrypted": false,
  "Values": {
    "AzureWebJobsStorage": "UseDevelopmentStorage=true",
    "FUNCTIONS_WORKER_RUNTIME": "dotnet",
    "FormsRecognizerEndpoint": "https://drnlab.cognitiveservices.azure.com/",
    "FormsRecognizerKey": "1a70bf3193a646b1addb28d5e89c7824",
    "ContosoStorageConnectionString": "DefaultEndpointsProtocol=https;AccountName=drnlabtest;AccountKey=Mm4hAOqHSKgHtMA5QY8LQdblPsX2S+lqxT9asdxTHFN3L8eCOFFnj1XZ6GXETN9jkj6m2fmxAuqrdmkH89w/zQ==;EndpointSuffix=core.windows.net",
    "CosmosDBEndpointUrl": "https://drncosmos.documents.azure.com:443/",
    "CosmosDBPrimaryKey": "420D4VoF0Y48lTaWIr9q4qxuEULqQUxQHYCLl8yFyhHG8L0Vra3Z7N7rompGS0M5EesKuRExJHuHxWG7ruClQw==",
    "SpeechRegion": "westus2",
    "SpeechKey": "ffd87de3e333404fa2717675f06c3b8d",
    "TranslatorKey": "e20325f3fd5748a89b7ff42267eaf8b5",
    "TranslatorEndpoint": "https://api.cognitive.microsofttranslator.com/",
    "TranslatorLocation": "westus2",
    "TextAnalyticsEndpoint": "https://drntextanalytics.cognitiveservices.azure.com/",
    "TextAnalyticsKey": "0e915828261849789602484fd1d24084"
  }
}